,null_list
0,C01.035
1,C01.037
2,C01.973
3,C01.975
4,C01.P02
5,C01.P03
6,C01.P04
7,C01.P07
8,C01.P08
9,C02.006
10,C02.011
11,C02.013
12,C02.017
13,C02.018
14,C02.020
15,C02.021
16,C02.029
17,C02.031
18,C02.971
19,C02.972
20,C101.950
21,C110.001
22,C111.001
23,C111.002
24,C111.003
25,C111.004
26,C111.005
27,C111.006
28,C111.007
29,C111.008
30,C111.009
31,C111.950
32,C115.002
33,C12.005
34,C121.002
35,C13.P01
36,C14.028
37,C14.029
38,C14.971
39,C14.976
40,C14.A09
41,C14.P01
42,C14.P02
43,C15.010
44,C15.011
45,C19.009
46,C19.015
47,C19.020
48,C19.021
49,C19.026
50,C19.034
51,C19.035
52,C19.040
53,C19.041
54,C19.044
55,C19.055
56,C19.058
57,C19.068
58,C19.069
59,C19.070
60,C19.071
61,C19.072
62,C19.080
63,C19.081
64,C19.106
65,C19.107
66,C19.108
67,C19.972
68,C19.974
69,C19.978
70,C19.984
71,C19.985
72,C19.986
73,C19.987
74,C19.A82
75,C19.A83
76,C19.A84
77,C19.A85
78,C19.A86
79,C19.A87
80,C19.A88
81,C19.A89
82,C19.A90
83,C19.A91
84,C19.A92
85,C19.A93
86,C19.A94
87,C19.A95
88,C19.A96
89,C19.A97
90,C19.P01
91,C19.P02
92,C19.P05
93,C26.001
94,C26.950
95,C26.951
96,C26.952
97,C26.964
98,C26.966
99,C26.A36
100,C44.970
101,C44.972
102,C44.973
103,C44.974
104,C46.003
105,C46.004
106,C48.012
107,C50.P01
108,C54.004
109,C54.005
110,C56.002
111,C56.003
112,C56.971
113,C56.972
114,C56.974
115,C56.975
116,C69.003
117,C69.004
118,C69.005
119,C78.001
120,C78.002
121,C85.005
122,C85.009
123,C85.P01
124,C86.002
125,C86.004
126,C86.005
127,C89.001
128,C89.002
129,C95.001
130,C97.001
131,C97.002
132,I100.001
133,I100.002
134,I103.001
135,I103.UPW
136,M01.022
137,M01.028
138,M01.972
139,M02.972
140,M03.971
141,M08.003
142,M08.005
143,M10.022
144,M10.026
145,M10.027
146,M10.030
147,M10.950
148,M10.971
149,M10.973
150,M100.001
151,M12.024
152,M12.025
153,M12.026
154,M12.027
155,M12.028
156,M12.029
157,M12.212
158,M12.215
159,M12.218
160,M12.220
161,M12.230
162,M12.231
163,M12.232
164,M12.234
165,M12.235
166,M12.237
167,M12.245
168,M12.246
169,M12.950
170,M12.956
171,M12.957
172,M12.960
173,M12.962
174,M12.963
175,M12.964
176,M12.975
177,M12.976
178,M12.978
179,M12.979
180,M12.981
181,M12.983
182,M12.987
183,M12.990
184,M12.996
185,M12.P01
186,M12.P02
187,M12.P03
188,M13.007
189,M14.001
190,M14.002
191,M14.003
192,M14.011
193,M14.012
194,M14.016
195,M14.020
196,M14.021
197,M14.025
198,M14.026
199,M14.027
200,M14.029
201,M14.030
202,M14.039
203,M14.950
204,M14.951
205,M14.955
206,M16.971
207,M16.973
208,M16.974
209,M16.981
210,M16.982
211,M16.983
212,M16.984
213,M16.987
214,M16.P01
215,M17.001
216,M17.005
217,M17.006
218,M19.001
219,M19.002
220,M19.004
221,M20.005
222,M20.006
223,M20.011
224,M20.021
225,M20.973
226,M24.007
227,M24.950
228,M24.973
229,M24.974
230,M24.975
231,M24.976
232,M24.977
233,M28.010
234,M28.011
235,M28.012
236,M28.014
237,M28.016
238,M28.018
239,M28.972
240,M28.973
241,M28.974
242,M28.975
243,M28.978
244,M38.972
245,M38.973
246,M38.974
247,M38.975
248,M38.976
249,M38.977
250,M38.978
251,M38.979
252,M38.980
253,M38.981
254,M41.007
255,M41.016
256,M41.026
257,M41.A19
258,M48.017
259,M49.972
260,M49.P01
261,M54.002
262,M54.003
263,M67.003
264,M67.004
265,M67.005
266,M67.008
267,M67.011
268,M67.971
269,M67.972
270,M67.973
271,M67.974
272,M67.975
273,M67.A10
274,M76.001
275,M98.A03
276,P02.002
277,P02.003
278,P02.005
279,P02.006
280,P02.007
281,P02.008
282,P02.009
283,P02.013
284,P02.014
285,P02.015
286,P02.016
287,P02.017
288,P02.018
289,P02.019
290,P02.020
291,P02.021
292,P02.022
293,P02.023
294,P02.024
295,P02.025
296,P02.026
297,P02.027
298,P02.028
299,P02.029
300,P02.036
301,P02.039
302,P02.041
303,P02.042
304,S01.028
305,S01.054
306,S01.074
307,S01.075
308,S01.078
309,S01.079
310,S01.085
311,S01.087
312,S01.088
313,S01.105
314,S01.154
315,S01.205
316,S01.206
317,S01.246
318,S01.256
319,S01.284
320,S01.285
321,S01.291
322,S01.292
323,S01.298
324,S01.299
325,S01.307
326,S01.309
327,S01.311
328,S01.313
329,S01.318
330,S01.319
331,S01.320
332,S01.321
333,S01.322
334,S01.325
335,S01.326
336,S01.327
337,S01.362
338,S01.365
339,S01.374
340,S01.375
341,S01.376
342,S01.394
343,S01.395
344,S01.414
345,S01.436
346,S01.487
347,S01.488
348,S01.514
349,S01.530
350,S01.531
351,S01.933
352,S01.934
353,S01.940
354,S01.941
355,S01.957
356,S01.969
357,S01.971
358,S01.972
359,S01.974
360,S01.976
361,S01.979
362,S01.985
363,S01.989
364,S01.992
365,S01.993
366,S01.994
367,S01.998
368,S01.999
369,S01.B93
370,S01.P08
371,S01.P09
372,S01.P10
373,S01.P11
374,S01.P19
375,S08.A56
376,S09.015
377,S09.025
378,S09.027
379,S09.051
380,S09.052
381,S09.053
382,S09.055
383,S09.061
384,S09.062
385,S09.065
386,S09.068
387,S09.939
388,S09.941
389,S09.942
390,S09.943
391,S09.944
392,S09.958
393,S09.959
394,S09.960
395,S09.973
396,S09.974
397,S09.977
398,S09.978
399,S09.979
400,S09.980
401,S09.981
402,S09.982
403,S09.984
404,S09.985
405,S09.986
406,S09.987
407,S09.988
408,S09.989
409,S09.990
410,S09.991
411,S09.992
412,S09.993
413,S09.994
414,S09.995
415,S09.A49
416,S09.A50
417,S09.B13
418,S10.003
419,S10.013
420,S12.004
421,S12.012
422,S14.003
423,S16.006
424,S21.A01
425,S26.009
426,S26.022
427,S26.A09
428,S28.003
429,S33.011
430,S33.012
431,S33.013
432,S33.017
433,S33.018
434,S33.019
435,S33.020
436,S33.971
437,S33.972
438,S33.973
439,S33.974
440,S33.975
441,S33.976
442,S33.978
443,S33.979
444,S33.981
445,S33.982
446,S33.983
447,S33.984
448,S33.986
449,S33.987
450,S33.988
451,S33.989
452,S33.997
453,S41.950
454,S41.951
455,S41.956
456,S54.002
457,S54.005
458,S54.006
459,S54.008
460,S54.951
461,S54.952
462,S54.953
463,S54.955
464,S59.951
465,S60.970
466,S60.973
467,S60.974
468,S60.975
469,S60.976
470,S60.977
471,S68.002
472,S71.002
473,S74.003
474,S79.002
475,T01.013
476,T01.014
477,T01.015
478,T01.016
479,T01.017
480,T01.020
481,T01.971
482,T01.972
483,T01.973
484,T01.974
485,T01.975
486,T01.976
487,T01.977
488,T01.978
489,T01.983
490,T01.984
491,T01.986
492,T01.987
493,T01.991
494,T01.P02
495,T01.P03
496,T02.001
497,T02.002
498,T03.002
499,T03.006
500,T03.015
501,T03.016
502,T03.017
503,T03.018
504,T03.019
505,T03.021
506,T03.024
507,T03.971
